,0,1,2,3,4,5,RNA_rpkms,degree,TAD Volume,loop nums,score,Gene names
1379,chr2,88740000,98390000,235,0.581794550514133,1.58809393874317,3.3892071607581795,high,0.581794550514133,235,136.72171937082126,"ZNF514,ZAP70,HMGN1P36,STARD7-AS1,SNRNP200,CNNM3-DT,KANSL3,C2orf92,ANKRD23,COX5B,CIAO1,STARD7,FER1L5,ACTR1B,ITPRIPL1,GGT8P,CNNM4,ANKRD36,CNNM3,ANKRD39,GPAT2P2,TMEM127,ARID5A,MRPS5,ANKRD36B,TMEM131,GPAT2,RNU4-8P,FAHD2A,UBTFL6,MIR3127,ZNF2,NEURL3,LINC00342,KMT5AP2,FAHD2B,LMAN2L,SEMA4C,LSP1P4,ANKRD36C,NCAPH"
2285,chr7,56370000,67000000,160,0.605053883359611,1.40158469358948,0.9878241974166436,high,0.605053883359611,160,96.80862133753776,"VN1R42P,BNIP3P11,VKORC1L1,SBDS,SNORA22,ZNF680,SAPCD2P4,GUSB,GTF2IP9,GABPAP,GTF2IP14,GTF2IP5,SKP1P1,BNIP3P42,CRCP,SAPCD2P3,GTF2IP23,SNORA22C,ZNF117,INTS4P1,HNRNPCP7,ASL,RSL24D1P3,LINC00174,TMEM248,ZNF92,INTS4P2,ZNF107,NCOR1P3,EEF1DP4,ERV3-1,YWHAEP1,SNORA15B-2,MTDHP1,TPST1,TNRC18P3,RABGEF1,RPL35P5,KCTD7,CCT6P1,LINC02604,GS1-124K5.4,ZNF273,ZNF138,CCT6P3"
1986,chr5,68280000,71780000,194,0.422429721940134,1.65991400938084,2.5755716605136336,high,0.422429721940134,194,81.951366056386,"AK6,MCCC2,GUSBP9,OCLNP1,BDP1,GUSBP13,RAD17,GTF2H2,CCDC125,MRPS36,GTF2H2C,SLC30A5,SMN1,CENPH,SMN2,CCNB1,OCLN,MARVELD2,CDK7"
1375,chr2,85820000,88180000,154,0.39211502097437,1.57835949039684,3.0276435975185416,high,0.39211502097437,154,60.38571323005298,"CD8B,REEP1,RNF103,PTCD3,FABP1,CHMP3,CYTOR,CD8A,ANAPC1P1,MTATP8P2,ANAPC1P4,IMMT,WBP1P2,RPS14P5,WBP1P1,ANAPC1P2,ST3GAL5,POLR1A,SNORD94,RNF103-CHMP3,RMND5A,RGPD1,LINC01943,MRPL35,KDM3A,KRCC1"
2289,chr7,71730000,73600000,143,0.404487984400347,1.52392162637314,1.9082531942019132,high,0.404487984400347,143,57.84178176924962,"PHBP5,STAG3L3,PMS2P7,BAZ1B,TRIM50,GTF2IRD2P1,POM121,FZD9,BCL7B,NCF1B,NSUN5,SBDSP1,TRIM74,POM121B,FKBP6,SPDYE7P,GTF2IP4,TYW1B,TBL2,SPDYE10P"
