,0,1,2,3,4,5,RNA_rpkms,degree,TAD Volume,loop nums,score,Gene names
147,chr1,143690000,147250000,381,0.196909235709396,2.55956923611826,1.2689781693074396,ultra_high,0.196909235709396,381,75.02241880527988,"SRGAP2D,NBPF25P,POLR3GL,NBPF20,LIX1L-AS1,PFN1P6,NOTCH2NLA,LINC01145,CD160,POLR3C,FMO5,RNVU1-15,RBM8A,NBPF12,ITGA10,TXNIP,FAM72D,NBPF10,NUDT17,PEX11B,LIX1L,PFN1P3,GPR89A,PIAS3,GNRHR2,MIR6736,HJV,SRGAP2B,ANKRD34A,RPL7AP15,LINC01719,SSBL4P,RNF115,PDZK1,NBPF15,PDIA3P1,RNU1-153P,PRKAB2,FAM72C,CCT8P1,LINC02802,ANKRD35"
1511,chr20,25400000,31510000,148,0.18910638134693,1.98808468114819,1.5700212671496736,ultra_high,0.18910638134693,148,27.98774443934564,"MED28P7,FAM182A,NANP,NINL,FRG1BP,DUX4L37,FRG1DP,PCMTD1P7,MLLT10P1,GINS1,MIR663AHG,FRG1CP,ZNF337,ANKRD20A21P,VN1R108P,FAM182B,ZNF337-AS1"
1392,chr2,111120000,112120000,114,0.14164188347496,2.01263194833024,0.9307871277318578,ultra_high,0.14164188347496,114,16.147174716145443,"MERTK,PAFAH1B1P2,SOCAR,RN7SL297P,SLC30A6P1,RTRAFP1,MIR4435-2HG,EEF1E1P1,ANAPC1,TMEM87B,RPS14P4,CENPNP2"
2321,chr7,102280000,103070000,78,0.0961170950323006,2.02071910148729,0.7404390637628917,ultra_high,0.0961170950323006,78,7.497133412519447,"ALKBH4,POLR2J,FAM185A,RASA4,LRRC17,RASA4B,RASA4DP,LRWD1,POLR2J3,SPDYE6,SPDYE2,SH2B2,ORAI2,PRKRIP1"
1363,chr2,69910000,70300000,42,0.0463087844728623,2.06062309686969,4.387787584267407,ultra_high,0.0463087844728623,42,1.9449689478602163,"C2orf42,TIA1,PCBP1-AS1,PCBP1,LINC01816,PCYOX1,SNRPG,ASPRV1"
