,0,1,2,3,4,5,RNA_rpkms,degree,TAD Volume,loop nums,score,Gene names
1379,chr2,88740000,98390000,235,0.5817945505141329,1.5880939387431698,3.3892071607581795,high,0.5817945505141329,235,136.72171937082123,"ARID5A,TMEM131,LINC00342,CNNM4,SNRNP200,FAHD2B,GPAT2P2,FAHD2A,COX5B,LSP1P4,LMAN2L,ANKRD23,HMGN1P36,KANSL3,ZAP70,ZNF514,NEURL3,ANKRD39,ANKRD36B,CNNM3-DT,MRPS5,ANKRD36C,MIR3127,C2orf92,GGT8P,STARD7-AS1,ZNF2,FER1L5,STARD7,GPAT2,ANKRD36,UBTFL6,ITPRIPL1,KMT5AP2,NCAPH,SEMA4C,ACTR1B,TMEM127,CIAO1,CNNM3,RNU4-8P"
2285,chr7,56370000,67000000,160,0.605053883359611,1.40158469358948,0.987824197416644,high,0.605053883359611,160,96.80862133753776,"GTF2IP9,MTDHP1,INTS4P1,HNRNPCP7,ERV3-1,ZNF92,INTS4P2,VKORC1L1,ZNF138,TMEM248,GS1-124K5.4,BNIP3P42,SNORA22C,NCOR1P3,ASL,SKP1P1,YWHAEP1,CCT6P3,GUSB,LINC00174,RPL35P5,RABGEF1,CRCP,TPST1,KCTD7,GTF2IP14,GTF2IP23,ZNF680,EEF1DP4,SAPCD2P3,BNIP3P11,ZNF273,SNORA22,SBDS,CCT6P1,ZNF107,LINC02604,TNRC18P3,GABPAP,ZNF117,RSL24D1P3,GTF2IP5,SAPCD2P4,SNORA15B-2,VN1R42P"
1986,chr5,68280000,71780000,194,0.42242972194013395,1.65991400938084,2.575571660513634,high,0.42242972194013395,194,81.951366056386,"CCNB1,AK6,OCLN,BDP1,GUSBP9,MCCC2,SLC30A5,CDK7,GTF2H2C,SMN1,MRPS36,GTF2H2,CCDC125,CENPH,SMN2,RAD17,OCLNP1,MARVELD2,GUSBP13"
1375,chr2,85820000,88180000,154,0.39211502097437,1.5783594903968399,3.0276435975185416,high,0.39211502097437,154,60.38571323005298,"REEP1,SNORD94,CD8A,ANAPC1P1,RPS14P5,RNF103,ST3GAL5,MRPL35,KRCC1,PTCD3,MTATP8P2,POLR1A,RGPD1,KDM3A,FABP1,CHMP3,IMMT,WBP1P1,ANAPC1P4,ANAPC1P2,RMND5A,RNF103-CHMP3,LINC01943,CD8B,WBP1P2,CYTOR"
2289,chr7,71730000,73600000,143,0.404487984400347,1.5239216263731399,1.9082531942019132,high,0.404487984400347,143,57.84178176924962,"TRIM50,TYW1B,SBDSP1,GTF2IP4,TBL2,SPDYE10P,FKBP6,BCL7B,TRIM74,FZD9,POM121,GTF2IRD2P1,BAZ1B,PMS2P7,NCF1B,POM121B,NSUN5,SPDYE7P,STAG3L3,PHBP5"
