,0,1,2,3,4,5,RNA_rpkms,degree,TAD Volume,loop nums,score,Gene names
147,chr1,143690000,147250000,381,0.19690923570939603,2.55956923611826,1.2689781693074396,very_high,0.19690923570939603,381,75.02241880527988,"LINC02802,SRGAP2D,PDIA3P1,LINC01719,NBPF10,ITGA10,TXNIP,RNVU1-15,NBPF15,CD160,NBPF25P,NBPF12,FAM72C,RBM8A,LIX1L-AS1,CCT8P1,NUDT17,RNU1-153P,ANKRD35,PRKAB2,ANKRD34A,POLR3C,RNF115,PFN1P6,LIX1L,POLR3GL,LINC01145,HJV,FAM72D,PDZK1,MIR6736,FMO5,GNRHR2,NBPF20,GPR89A,PFN1P3,RPL7AP15,PIAS3,SSBL4P,SRGAP2B,PEX11B,NOTCH2NLA"
1511,chr20,25400000,31510000,148,0.18910638134693,1.9880846811481898,1.5700212671496736,very_high,0.18910638134693,148,27.98774443934564,"GINS1,FAM182A,ANKRD20A21P,MLLT10P1,ZNF337,NINL,VN1R108P,ZNF337-AS1,DUX4L37,FAM182B,PCMTD1P7,FRG1BP,MED28P7,NANP,FRG1CP,FRG1DP,MIR663AHG"
1392,chr2,111120000,112120000,114,0.14164188347495998,2.01263194833024,0.9307871277318578,very_high,0.14164188347495998,114,16.14717471614544,"MIR4435-2HG,CENPNP2,PAFAH1B1P2,MERTK,ANAPC1,RTRAFP1,RPS14P4,SOCAR,SLC30A6P1,EEF1E1P1,TMEM87B,RN7SL297P"
2321,chr7,102280000,103070000,78,0.0961170950323006,2.02071910148729,0.7404390637628917,very_high,0.0961170950323006,78,7.497133412519447,"RASA4DP,SPDYE2,PRKRIP1,SH2B2,LRRC17,LRWD1,POLR2J,RASA4B,FAM185A,ALKBH4,RASA4,ORAI2,POLR2J3,SPDYE6"
1363,chr2,69910000,70300000,42,0.0463087844728623,2.0606230968696897,4.387787584267407,very_high,0.0463087844728623,42,1.9449689478602163,"LINC01816,PCBP1,C2orf42,TIA1,PCYOX1,SNRPG,PCBP1-AS1,ASPRV1"
