,0,1,2,3,4,5,RNA_rpkms,degree,TAD Volume,loop nums,score,Gene names
147,chr1,143690000,147250000,381,0.19690923570939603,2.55956923611826,1.2689781693074396,very_high,0.19690923570939603,381,75.02241880527988,"NBPF15,MIR6736,PFN1P6,FMO5,PDZK1,NOTCH2NLA,LINC01145,LINC01719,GPR89A,CD160,ITGA10,POLR3GL,NBPF25P,FAM72D,LIX1L,SSBL4P,RNVU1-15,RNF115,RNU1-153P,PIAS3,LIX1L-AS1,NUDT17,PRKAB2,ANKRD34A,PDIA3P1,HJV,FAM72C,TXNIP,SRGAP2B,NBPF20,LINC02802,RPL7AP15,NBPF10,CCT8P1,GNRHR2,PEX11B,SRGAP2D,POLR3C,ANKRD35,RBM8A,PFN1P3,NBPF12"
1511,chr20,25400000,31510000,148,0.18910638134693,1.9880846811481898,1.5700212671496736,very_high,0.18910638134693,148,27.98774443934564,"PCMTD1P7,NINL,FAM182A,FRG1BP,ZNF337,FRG1CP,DUX4L37,VN1R108P,ZNF337-AS1,MLLT10P1,GINS1,NANP,MIR663AHG,ANKRD20A21P,FAM182B,MED28P7,FRG1DP"
1392,chr2,111120000,112120000,114,0.14164188347495998,2.01263194833024,0.9307871277318578,very_high,0.14164188347495998,114,16.14717471614544,"TMEM87B,CENPNP2,RPS14P4,ANAPC1,SLC30A6P1,MIR4435-2HG,RTRAFP1,SOCAR,EEF1E1P1,MERTK,RN7SL297P,PAFAH1B1P2"
2321,chr7,102280000,103070000,78,0.0961170950323006,2.02071910148729,0.7404390637628917,very_high,0.0961170950323006,78,7.497133412519447,"SPDYE2,FAM185A,ORAI2,ALKBH4,RASA4DP,RASA4B,SH2B2,POLR2J3,RASA4,PRKRIP1,SPDYE6,POLR2J,LRRC17,LRWD1"
1363,chr2,69910000,70300000,42,0.0463087844728623,2.0606230968696897,4.387787584267407,very_high,0.0463087844728623,42,1.9449689478602163,"C2orf42,PCYOX1,PCBP1-AS1,LINC01816,SNRPG,TIA1,PCBP1,ASPRV1"
