,0,1,2,3,4,5,RNA_rpkms,degree,TAD Volume,loop nums,score,Gene names
1379,chr2,88740000,98390000,235,0.5817945505141329,1.5880939387431698,3.3892071607581795,high,0.5817945505141329,235,136.72171937082123,"ARID5A,STARD7-AS1,MIR3127,LSP1P4,ACTR1B,ANKRD36B,CNNM3-DT,COX5B,ZAP70,ZNF2,ANKRD39,ANKRD36C,NEURL3,ZNF514,STARD7,LINC00342,NCAPH,SNRNP200,FER1L5,ANKRD23,ANKRD36,CIAO1,RNU4-8P,TMEM131,HMGN1P36,UBTFL6,CNNM3,ITPRIPL1,C2orf92,TMEM127,GPAT2P2,FAHD2B,MRPS5,KANSL3,GPAT2,KMT5AP2,LMAN2L,CNNM4,GGT8P,SEMA4C,FAHD2A"
2285,chr7,56370000,67000000,160,0.605053883359611,1.40158469358948,0.987824197416644,high,0.605053883359611,160,96.80862133753776,"ZNF273,GTF2IP23,ZNF92,ERV3-1,SNORA22,HNRNPCP7,KCTD7,GS1-124K5.4,BNIP3P11,CCT6P1,ASL,SBDS,TNRC18P3,INTS4P1,ZNF117,ZNF680,CRCP,YWHAEP1,EEF1DP4,VKORC1L1,RSL24D1P3,INTS4P2,VN1R42P,GTF2IP9,SAPCD2P3,SNORA22C,GTF2IP5,NCOR1P3,GABPAP,SKP1P1,TPST1,RABGEF1,BNIP3P42,ZNF138,GTF2IP14,TMEM248,GUSB,SNORA15B-2,LINC02604,LINC00174,CCT6P3,MTDHP1,RPL35P5,ZNF107,SAPCD2P4"
1986,chr5,68280000,71780000,194,0.42242972194013395,1.65991400938084,2.575571660513634,high,0.42242972194013395,194,81.951366056386,"CCDC125,SMN2,GTF2H2,GUSBP9,AK6,SLC30A5,CCNB1,MARVELD2,CENPH,GUSBP13,OCLNP1,CDK7,SMN1,MRPS36,OCLN,RAD17,MCCC2,GTF2H2C,BDP1"
1375,chr2,85820000,88180000,154,0.39211502097437,1.5783594903968399,3.0276435975185416,high,0.39211502097437,154,60.38571323005298,"IMMT,RPS14P5,RGPD1,MTATP8P2,KDM3A,POLR1A,ANAPC1P4,CD8B,ST3GAL5,WBP1P2,WBP1P1,REEP1,CYTOR,MRPL35,SNORD94,CD8A,ANAPC1P1,KRCC1,FABP1,PTCD3,RNF103-CHMP3,RNF103,CHMP3,ANAPC1P2,RMND5A,LINC01943"
2289,chr7,71730000,73600000,143,0.404487984400347,1.5239216263731399,1.9082531942019132,high,0.404487984400347,143,57.84178176924962,"SPDYE7P,SPDYE10P,PMS2P7,BCL7B,NSUN5,FZD9,TYW1B,BAZ1B,GTF2IP4,POM121B,TRIM74,STAG3L3,POM121,TBL2,TRIM50,PHBP5,GTF2IRD2P1,FKBP6,SBDSP1,NCF1B"
