,0,1,2,3,4,5,RNA_rpkms,degree,TAD Volume,loop nums,score,Gene names
2084,chr5,175460000,179160000,148,1.2306402902780702,1.98390462790391,4.314903723032463,high,1.2306402902780702,148,182.1347629611544,"PRR7,B4GALT7,FAF2,PDLIM7,LMAN2,THOC3,HIGD2A,FAM193B,SNCB,KIAA1191,RAB24,GRK6,TMED9,CLK4,EIF4E1B,PRR7-AS1,PHYKPL,ZNF354A,GPRIN1,RNF44,MXD3,PRMT1P1,TSPAN17,Y_RNA,ZNF354B,RMND5B,N4BP3,UNC5A,DOK3,PRELID1,FAM193B-DT,BRCC3P1,F12,HNRNPAB,ZNF346,NHP2,SIMC1,NOP16,SLC34A1,GMCL2,CDHR2,CPLX2,SFXN1,HRH2,DBN1,ARL10,ZNF346-IT1,RGS14,PDLIM7-AS1,NSD1,UIMC1,FGFR4,CLTB,DDX41"
821,chr15,25500000,29660000,114,1.5420927567831901,1.78046676271173,-1.6848026712660906,high,1.5420927567831901,114,175.79857427328366,"HERC2P9,HERC2,APBA2,PDCD6IPP2,ATP10A,GOLGA6L7,OCA2,WHAMMP2,GABRB3"
2489,chr8,135450000,138710000,141,0.755871792648088,2.19418506960489,0.36429227013537,high,0.755871792648088,141,106.57792276338041,KHDRBS3
908,chr15,85850000,88460000,100,1.0043185276017401,1.88443801046768,-9.965784284662087,high,1.0043185276017401,100,100.43185276017401,NTRK3
1379,chr2,88740000,98390000,131,0.5817945505141329,2.24270140543238,3.3892071607581795,high,0.5817945505141329,131,76.2150861173514,"ZAP70,KANSL3,FAHD2A,ANKRD36,NEURL3,FER1L5,SEMA4C,GPAT2P2,GGT8P,TMEM127,CIAO1,ARID5A,ITPRIPL1,RNU4-8P,LMAN2L,ANKRD36B,ZNF2,SNRNP200,COX5B,ANKRD36C,ZNF514,MRPS5,STARD7,GPAT2,CNNM3-DT,C2orf92,CNNM3,FAHD2B,UBTFL6,ANKRD23,CNNM4,NCAPH,STARD7-AS1,TMEM131,KMT5AP2,MIR3127,LSP1P4,ACTR1B,ANKRD39,LINC00342,HMGN1P36"
