,0,1,2,3,4,5,RNA_rpkms,degree,TAD Volume,loop nums,score,Gene names
2084,chr5,175460000,179160000,148,1.2306402902780702,1.98390462790391,4.314903723032463,high,1.2306402902780702,148,182.1347629611544,"ZNF346-IT1,PRMT1P1,TMED9,PHYKPL,HRH2,HIGD2A,EIF4E1B,SIMC1,THOC3,TSPAN17,PDLIM7-AS1,ZNF354A,GMCL2,LMAN2,F12,PDLIM7,ARL10,RMND5B,N4BP3,GPRIN1,HNRNPAB,SFXN1,MXD3,DDX41,NSD1,B4GALT7,FGFR4,NHP2,UIMC1,CLK4,UNC5A,PRELID1,FAM193B,FAM193B-DT,Y_RNA,ZNF354B,RNF44,RAB24,FAF2,CDHR2,SNCB,ZNF346,RGS14,PRR7-AS1,SLC34A1,CLTB,CPLX2,DBN1,KIAA1191,PRR7,DOK3,NOP16,GRK6,BRCC3P1"
821,chr15,25500000,29660000,114,1.5420927567831901,1.78046676271173,-1.6848026712660906,high,1.5420927567831901,114,175.79857427328366,"OCA2,ATP10A,HERC2,WHAMMP2,GABRB3,GOLGA6L7,PDCD6IPP2,APBA2,HERC2P9"
2489,chr8,135450000,138710000,141,0.755871792648088,2.19418506960489,0.36429227013537,high,0.755871792648088,141,106.57792276338041,KHDRBS3
908,chr15,85850000,88460000,100,1.0043185276017401,1.88443801046768,-9.965784284662087,high,1.0043185276017401,100,100.43185276017401,NTRK3
1379,chr2,88740000,98390000,131,0.5817945505141329,2.24270140543238,3.3892071607581795,high,0.5817945505141329,131,76.2150861173514,"ZAP70,ITPRIPL1,ANKRD39,GPAT2P2,CNNM3-DT,GGT8P,SEMA4C,C2orf92,ZNF2,FAHD2B,MIR3127,LSP1P4,NEURL3,CNNM4,TMEM127,MRPS5,KANSL3,LINC00342,ANKRD36B,ARID5A,HMGN1P36,STARD7,STARD7-AS1,KMT5AP2,ANKRD36C,TMEM131,ZNF514,NCAPH,UBTFL6,GPAT2,ANKRD23,FER1L5,ANKRD36,CIAO1,SNRNP200,LMAN2L,CNNM3,COX5B,FAHD2A,ACTR1B,RNU4-8P"
