,0,1,2,3,4,5,RNA_rpkms,degree,TAD Volume,loop nums,score,Gene names
1961,chr5,39570000,52660000,348,1.36622461829148,2.3036365417688702,2.4187956297432476,very_high,1.36622461829148,348,475.446167165435,"C6,NIM1K,PAIP1,NNT-AS1,ZNF131,PRELID3BP5,SNORD72,C5orf51,PARP8,MRPS30-DT,CARD6,FBXO4,NNT,CCL28,TMEM267,MRPS30,TTC33,SELENOP,PRKAA1,ANXA2R,PRELID3BP4,RPL29P12,AMD1P3,RPL37,HMGCS1,EEF1A1P19,PTGER4,CCDC152,INTS6P1,PPIAP77,C5orf34,OXCT1"
460,chr11,47850000,57270000,427,0.5505152264876221,2.96748083158469,-0.2159148572652429,very_high,0.5505152264876221,427,235.07000171021463,"SEPTIN7P11,PTPRJ,OR5D17P,OR4C6,TMEM230P2"
2424,chr8,48930000,52010000,294,0.466753253691094,2.8069373821136803,-0.6726958726547065,very_high,0.466753253691094,294,137.22545658518163,"PXDNL,PCMTD1"
2422,chr8,42840000,47740000,223,0.516311431178369,2.71729286746761,0.9698412044313265,very_high,0.516311431178369,223,115.13744915277628,"AFG3L2P1,POMK,HOOK3,RNU1-124P,RNF170,HGSNAT,RPL10AP2,SPIDR,FNTA,CEBPD"
2410,chr8,33480000,36830000,181,0.58577829101788,2.50555427620739,1.3152039170894676,very_high,0.58577829101788,181,106.02587067423629,"MAK16,LSM12P1,RNF122"
